Name,Price,Link
Snygg LOQ Tower gaming PC med GeForce RTX 40-seriens grafikkort,11990,https://www.power.se/datorer-och-surfplattor/datorer/stationar-dator/lenovo-loq-tower-17irr9-rtx-4060-512-gb-stationar-dator/p-3832342/
"Kompakt och hållbar 14"" Chromebook bärbar dator",3799,https://www.power.se/datorer-och-surfplattor/datorer/barbar-dator/asus-chromebook-cx1400cka-nk0412-14-barbar-dator/p-3607022/
MacBook Pro 14″. Vår mest avancerade bärbara Mac.,19990,https://www.power.se/datorer-och-surfplattor/datorer/barbar-dator/apple-macbook-pro-14-2024-m4-16512-gb-rymdsvart/p-3746129/
Hållbar och lätt bärbar Chromebook-dator,3299,https://www.power.se/datorer-och-surfplattor/datorer/barbar-dator/asus-chromebook-cx14-cx1405cka-nk0185-14-barbar-dator/p-3864510/
Kompakt och kraftfull bärbar IdeaPad-dator med en AMD Ryzen™ 5-processor,4990,https://www.power.se/datorer-och-surfplattor/datorer/barbar-dator/lenovo-ideapad-1-15alc7-r58512-gb-156-barbar-dator/p-3152192/
MacBook Pro 14″. Vår mest avancerade bärbara Mac.,19990,https://www.power.se/datorer-och-surfplattor/datorer/barbar-dator/apple-macbook-pro-14-2024-m4-16512-gb-silver/p-3746128/
"Lätt, kompakt och hållbar bärbar dator med Intel® Core™ i3 processor",3999,https://www.power.se/datorer-och-surfplattor/datorer/barbar-dator/asus-vivobook-go-14-e1404ga-nk215w-14-barbar-dator-svart/p-3006469/
"Snygg 15,6"" Acer bärbar dator – 12 månaders Microsoft 365-licens ingår",2990,https://www.power.se/datorer-och-surfplattor/datorer/barbar-dator/acer-aspire-3-a315-35-c1x0-156-barbar-dator/p-3830423/
Snygg bärbar Nitro gamingdator med RTX 2050-grafikkort,7999,https://www.power.se/datorer-och-surfplattor/datorer/barbar-dator/acer-nitro-v-15-anv15-41-r721-156-barbar-dator/p-3842504/
Snygg LOQ Tower gaming PC med GeForce RTX 30-seriens grafikkort,8999,https://www.power.se/datorer-och-surfplattor/datorer/stationar-dator/lenovo-loq-tower-17irr9-rtx-3050-stationar-dator/p-3832341/
Snygg bärbar gamingdator LOQ med RTX 5060-grafik och en 144 Hz IPS-display,12999,https://www.power.se/datorer-och-surfplattor/datorer/barbar-dator/lenovo-loq-15irx10-512-gb-rtx-5060-156-barbar-dator/p-3988249/
Innovativ bärbar dator med dubbla skärmar och enastående AI-driven prestanda,27999,https://www.power.se/datorer-och-surfplattor/datorer/barbar-dator/asus-zenbook-duo-ux8406ca-pz068x-14-barbar-dator/p-3925772/
Lås upp ultimat prestanda och oändlig kreativitet med en superstark Copilot+ PC,14999,https://www.power.se/datorer-och-surfplattor/datorer/barbar-dator/lenovo-yoga-slim-7-aura-edition-15ill9-153-copilot-pc/p-3538867/
Superkraftfull OMEN gamingdator med en AMD Ryzen™ 8000-seriens processor,20999,https://www.power.se/datorer-och-surfplattor/datorer/stationar-dator/hp-omen-35l-gt16-0058no-stationar-dator/p-3923230/
Det ultimata kreativa studion med dubbla PureSight OLED-displayer,26999,https://www.power.se/datorer-och-surfplattor/datorer/barbar-dator/lenovo-yoga-book-9-14iah10-u7-14-barbar-dator/p-4053541/
"Otroligt kraftfull, slimmad och mångsidig 2-i-1 Copilot+ PC",21999,https://www.power.se/datorer-och-surfplattor/datorer/barbar-dator/lenovo-yoga-9-2-in-1-14ill10-win-11-pro-14-copilot-pc-luna-grey/p-3978555/
"Vacker, ultraslimmad Copilot+ PC med en fantastisk 4K-display",24999,https://www.power.se/datorer-och-surfplattor/datorer/barbar-dator/lenovo-yoga-slim-9-14ill10-win-11-pro-14-copilot-pc-tidal-teal/p-3978553/
Snygg LOQ bärbar gamingdator med RTX 5070-grafik och en 144 Hz IPS-display,15999,https://www.power.se/datorer-och-surfplattor/datorer/barbar-dator/lenovo-loq-15irx10-512-gb-rtx-5070-156-barbar-gamingdator/p-4053539/
Tunn och kraftfull gamingbärbar dator med en 144 Hz Full HD-display,9999,https://www.power.se/datorer-och-surfplattor/datorer/barbar-dator/msi-thin-a15-b7uc-009neu-156-barbar-dator/p-3454039/
Slimmad och kraftfull bärbar dator med OLED-display och AMD Ryzen™ AI-processor,14999,https://www.power.se/datorer-och-surfplattor/datorer/barbar-dator/lenovo-ideapad-slim-5-14kp10-ai-5-14-barbar-dator/p-3978549/
Rejäl och kraftfull TUF Gaming-dator med GeForce RTX 4070,16999,https://www.power.se/datorer-och-surfplattor/datorer/barbar-dator/asus-tuf-gaming-f15-fx507vi-lp079w-156-barbar-dator/p-3012604/
MacBook Air. Flygande snabb. Och lätt.,13990,https://www.power.se/datorer-och-surfplattor/datorer/barbar-dator/apple-macbook-air-13-2025-m4-16256-gb-himmelsblaa/p-4042909/
Snygg och kompakt bärbar IdeaPad-dator som du enkelt kan använda varje dag,4499,https://www.power.se/datorer-och-surfplattor/datorer/barbar-dator/lenovo-ideapad-1-15ijl7-156-barbar-dator-abyss-blue/p-3562658/
Snygg och kompakt bärbar IdeaPad-dator som du enkelt kan använda varje dag,4499,https://www.power.se/datorer-och-surfplattor/datorer/barbar-dator/lenovo-ideapad-1-15ijl7-156-barbar-dator-cloud-grey/p-3538860/
Tunn och kraftfull gamingbärbar dator med en 144 Hz Full HD-skärm,9499,https://www.power.se/datorer-och-surfplattor/datorer/barbar-dator/msi-thin-a15-b7ucx-010neu-156-barbar-dator/p-3454040/
Kraftfull specialbyggd PC med ett GeForce RTX 4060 grafikkort,12999,https://www.power.se/datorer-och-surfplattor/datorer/stationar-dator/cepter-e-sport-r46-stationar-dator/p-3842162/
MacBook Air. Flygande snabb. Och lätt.,13990,https://www.power.se/datorer-och-surfplattor/datorer/barbar-dator/apple-macbook-air-13-2025-m4-16256-gb-midnatt/p-4042908/
Kraftfull specialbyggd PC med ett GeForce RTX 4060 grafikkort,12490,https://www.power.se/datorer-och-surfplattor/datorer/stationar-dator/cepter-e-sport-r46-stationar-dator/p-2750056/
Kompakt och kraftfull bärbar IdeaPad-dator med en AMD Ryzen™ 5-processor,8499,https://www.power.se/datorer-och-surfplattor/datorer/barbar-dator/lenovo-ideapad-1-15alc7-r58256-gb-156-barbar-dator-abyss-blue/p-3793541/
En lättanvänd Chromebook med pekskärm och fantastisk batteritid,4999,https://www.power.se/datorer-och-surfplattor/datorer/barbar-dator/acer-chromebook-cb314-2ht-k1ww-14-barbar-dator/p-3600604/
"Smal och superkraftig 14"" Yoga Slim laptop med en vacker OLED-skärm",10390,https://www.power.se/datorer-och-surfplattor/datorer/barbar-dator/lenovo-yoga-slim-6-14irh8-14-barbar-dator/p-3538864/
Kraftfull bärbar gamingdator i LOQ-serien med en 144 Hz-skärm och ett LA1 AI-chip,11990,https://www.power.se/datorer-och-surfplattor/datorer/barbar-dator/lenovo-loq-15arp9-rtx-4050-156-barbar-dator/p-3288392/
MacBook Air. Superladdad med M2.,10989,https://www.power.se/datorer-och-surfplattor/datorer/barbar-dator/apple-macbook-air-13-2022-m2-16256-gb-stjarnglans/p-3746369/
Stilfull HP bärbar dator med en Ryzen™ 7000-serieprocessor,5499,https://www.power.se/datorer-och-surfplattor/datorer/barbar-dator/hp-15-fc0057no-156-barbar-dator/p-3565134/
Kraftfull och mångsidig 2-i-1 Copilot+ PC,14999,https://www.power.se/datorer-och-surfplattor/datorer/barbar-dator/lenovo-ideapad-5x-2-in-1-14q8x9-14-copilot-pc/p-3538866/
Kraftfull specialbyggd PC med ett GeForce RTX 3050 grafikkort,9990,https://www.power.se/datorer-och-surfplattor/datorer/stationar-dator/cepter-e-sport-r35-stationar-dator/p-3033818/
